{"cameraMode":{"drawMode":0,"name":"Shaded","section":"Shading Mode"},"sceneLighting":true,"audioPlay":false,"sceneViewState":{"m_AlwaysRefresh":false,"showFog":true,"showSkybox":true,"showFlares":true,"showImageEffects":true,"showParticleSystems":true,"showVisualEffectGraphs":true,"m_FxEnabled":true},"in2DMode":false,"pivot":{"x":1.6187832355499268,"y":1.054335355758667,"z":0.7804545164108276},"rotation":{"x":-0.14380188286304475,"y":-0.009789460338652134,"z":0.0014835637994110585,"w":-0.9895651936531067},"size":1.3926036357879639,"orthographic":false}