{"cameraMode":{"drawMode":0,"name":"Shaded","section":"Shading Mode"},"sceneLighting":false,"audioPlay":false,"sceneViewState":{"m_AlwaysRefresh":false,"showFog":true,"showSkybox":true,"showFlares":true,"showImageEffects":true,"showParticleSystems":true,"showVisualEffectGraphs":true,"m_FxEnabled":true},"in2DMode":false,"pivot":{"x":259.9170837402344,"y":219.66644287109376,"z":43.226905822753909},"rotation":{"x":0.3884114623069763,"y":0.02073371410369873,"z":-0.008733503520488739,"w":0.9212469458580017},"size":241.29856872558595,"orthographic":false}