{"cameraMode":{"drawMode":0,"name":"Shaded","section":"Shading Mode"},"sceneLighting":false,"audioPlay":false,"sceneViewState":{"m_AlwaysRefresh":false,"showFog":true,"showSkybox":true,"showFlares":true,"showImageEffects":true,"showParticleSystems":true,"showVisualEffectGraphs":true,"m_FxEnabled":true},"in2DMode":false,"pivot":{"x":16.682537078857423,"y":0.30386263132095339,"z":10.193696975708008},"rotation":{"x":0.05395011603832245,"y":-0.32068923115730288,"z":0.018302172422409059,"w":0.9454945921897888},"size":3.99015212059021,"orthographic":false}