{"cameraMode":{"drawMode":0,"name":"Shaded","section":"Shading Mode"},"sceneLighting":false,"audioPlay":false,"sceneViewState":{"m_AlwaysRefresh":false,"showFog":true,"showSkybox":true,"showFlares":true,"showImageEffects":true,"showParticleSystems":true,"showVisualEffectGraphs":true,"m_FxEnabled":true},"in2DMode":false,"pivot":{"x":5.491306304931641,"y":-8.952774047851563,"z":3.467144012451172},"rotation":{"x":0.4059118926525116,"y":0.003988246899098158,"z":-0.001298092189244926,"w":0.9140926003456116},"size":11.781054496765137,"orthographic":false}