{"cameraMode":{"drawMode":0,"name":"Shaded","section":"Shading Mode"},"sceneLighting":false,"audioPlay":false,"sceneViewState":{"m_AlwaysRefresh":false,"showFog":true,"showSkybox":true,"showFlares":true,"showImageEffects":true,"showParticleSystems":true,"showVisualEffectGraphs":true,"m_FxEnabled":true},"in2DMode":false,"pivot":{"x":-1.7391448020935059,"y":1.2173395156860352,"z":3.454252004623413},"rotation":{"x":-0.15770508348941804,"y":0.7026197910308838,"z":-0.16437269747257234,"w":-0.6741187572479248},"size":1.4587721824645997,"orthographic":false}