{"cameraMode":{"drawMode":0,"name":"Shaded","section":"Shading Mode"},"sceneLighting":false,"audioPlay":false,"sceneViewState":{"m_AlwaysRefresh":false,"showFog":true,"showSkybox":true,"showFlares":true,"showImageEffects":true,"showParticleSystems":true,"showVisualEffectGraphs":true,"m_FxEnabled":true},"in2DMode":false,"pivot":{"x":9.059645652770996,"y":0.8911980390548706,"z":-0.23869121074676515},"rotation":{"x":-0.09893130511045456,"y":0.16579291224479676,"z":-0.016719423234462739,"w":-0.9810863137245178},"size":4.147731781005859,"orthographic":false}