{"cameraMode":{"drawMode":0,"name":"Shaded","section":"Shading Mode"},"sceneLighting":false,"audioPlay":false,"sceneViewState":{"m_AlwaysRefresh":false,"showFog":true,"showSkybox":true,"showFlares":true,"showImageEffects":true,"showParticleSystems":true,"showVisualEffectGraphs":true,"m_FxEnabled":true},"in2DMode":false,"pivot":{"x":3.7667951583862306,"y":5.107067584991455,"z":0.5159229040145874},"rotation":{"x":-0.4085274934768677,"y":0.050079457461833957,"z":-0.022454697638750078,"w":-0.9111357927322388},"size":12.12435531616211,"orthographic":false}