{"cameraMode":{"drawMode":0,"name":"Shaded","section":"Shading Mode"},"sceneLighting":false,"audioPlay":false,"sceneViewState":{"m_AlwaysRefresh":false,"showFog":true,"showSkybox":true,"showFlares":true,"showImageEffects":true,"showParticleSystems":true,"showVisualEffectGraphs":true,"m_FxEnabled":true},"in2DMode":false,"pivot":{"x":-0.6353442668914795,"y":2.260000228881836,"z":0.4308919906616211},"rotation":{"x":-0.0681019201874733,"y":-0.41589388251304629,"z":-0.031250692903995517,"w":0.9063279032707214},"size":2.2719194889068605,"orthographic":false}